<?xml version="1.0" encoding="UTF-8"?>
<!DOCTYPE mapper PUBLIC "-//mybatis.org//DTD Mapper 3.0//EN" "http://mybatis.org/dtd/mybatis-3-mapper.dtd">
<mapper namespace="com.itheima.mp.mapper.UserMapper">
    <update id="updateBalanceByIds">
        UPDATE tb_user
        set balance = balance - #{amount} ${ew.customSqlSegment}
    </update>
    <!--    <insert id="saveUser" parameterType="com.itheima.mp.domain.po.User">-->
    <!--        INSERT INTO `user` (`id`, `username`, `password`, `phone`, `info`, `balance`)-->
    <!--        VALUES-->
    <!--        (#{id}, #{username}, #{password}, #{phone}, #{info}, #{balance});-->
    <!--    </insert>-->
    <!--    <update id="updateUser" parameterType="com.itheima.mp.domain.po.User">-->
    <!--        UPDATE `user`-->
    <!--        <set>-->
    <!--            <if test="username != null">-->
    <!--                `username`=#{username}-->
    <!--            </if>-->
    <!--            <if test="password != null">-->
    <!--                `password`=#{password}-->
    <!--            </if>-->
    <!--            <if test="phone != null">-->
    <!--                `phone`=#{phone}-->
    <!--            </if>-->
    <!--            <if test="info != null">-->
    <!--                `info`=#{info}-->
    <!--            </if>-->
    <!--            <if test="status != null">-->
    <!--                `status`=#{status}-->
    <!--            </if>-->
    <!--            <if test="balance != null">-->
    <!--                `balance`=#{balance}-->
    <!--            </if>-->
    <!--        </set>-->
    <!--        WHERE `id`=#{id};-->
    <!--    </update>-->
    <!--    <delete id="deleteUser" parameterType="com.itheima.mp.domain.po.User">-->
    <!--        DELETE FROM user WHERE id = #{id}-->
    <!--    </delete>-->

    <!--    <select id="queryUserById" resultType="com.itheima.mp.domain.po.User">-->
    <!--        SELECT *-->
    <!--        FROM user-->
    <!--        WHERE id = #{id}-->
    <!--    </select>-->

    <select id="queryUserByIds" resultType="com.itheima.mp.domain.po.User">
        SELECT *
        FROM tb_user
        <if test="ids != null">
            WHERE id IN
            <foreach collection="ids" open="(" close=")" item="id" separator=",">
                #{id}
            </foreach>
        </if>
        LIMIT 10
    </select>

</mapper>
