{
	"pages": [ //pages数组中第一项表示应用启动页，参考：https://uniapp.dcloud.io/collocation/pages
		{
			"path": "pages/index/index",
			"style": {
				"navigationBarTitleText": "主页",
				"navigationStyle": "custom"
			}
		},
		{
			"path": "pages/classify/classify",
			"style": {
				"navigationBarTitleText": "分类",
				"navigationStyle": "custom"
			}
		},
		{
			"path": "pages/user/user",
			"style": {
				"navigationBarTitleText": "我的",
				"navigationStyle": "custom"
			}
		},
		{
			"path" : "pages/classlist/classlist",
			"style" : 
			{
				"navigationBarTitleText" : "分类列表"
			}
		},
		{
			"path" : "pages/preview/preview",
			"style" : 
			{
				"navigationBarTitleText" : "预览",
				"navigationStyle": "custom"
			}
		},
		{
			"path" : "pages/notice/notice",
			"style" : 
			{
				"navigationBarTitleText" : "公告"
			}
		},
		{
			"path" : "pages/notice/detail",
			"style" : 
			{
				"navigationBarTitleText" : "公告详情"
			}
		},
		{
			"path" : "pages/search/search",
			"style" : 
			{
				"navigationBarTitleText" : "搜索"
			}
		}
	],
	"globalStyle": {
		"navigationBarTextStyle": "black",
		"navigationBarTitleText": "闲暇米壁纸",
		"navigationBarBackgroundColor": "#fff",
		"backgroundColor": "#F8F8F8"
	},
	"tabBar": {
		"color": "#9799a5",
		"selectedColor": "#28B389",
		"list": [{
			"text": "推荐",
			"pagePath": "pages/index/index",
			"iconPath": "static/tabBar/home.png",
			"selectedIconPath": "static/tabBar/home-h.png"
		}, {
			"text": "分类",
			"pagePath": "pages/classify/classify",
			"iconPath": "static/tabBar/classify.png",
			"selectedIconPath": "static/tabBar/classify-h.png"
		}, {
			"text": "我的",
			"pagePath": "pages/user/user",
			"iconPath": "static/tabBar/user.png",
			"selectedIconPath": "static/tabBar/user-h.png"
		}]
	},
	"uniIdRouter": {}
}